{
    "packageDirectories": [
        {
            "path": "force-app",
            "default": true,
            "package": "DreamhouseLWC",
            "versionName": "Summer '21",
            "versionNumber": "53.0.0.NEXT"
        }
    ],
    "namespace": "",
    "sourceApiVersion": "53.0",
    "packageAliases": {
        "DreamhouseLWC": "0Ho3h000000PBghCAG",
        "DreamhouseLWC@50.0.0-1": "04t3h000004skyPAAQ",
        "DreamhouseLWC@50.0.0-6": "04t3h000004slZvAAI",
        "DreamhouseLWC@50.0.0-8": "04t3h000004sla5AAA",
        "DreamhouseLWC@50.0.0-11": "04t3h000004slorAAA",
        "DreamhouseLWC@50.0.0-16": "04t3h000004sm0nAAA",
        "DreamhouseLWC@50.0.0-22": "04t3h000004sm5nAAA",
        "DreamhouseLWC@50.0.0-26": "04t3h000004sm67AAA",
        "DreamhouseLWC@50.0.0-28": "04t3h000004smaYAAQ",
        "DreamhouseLWC@51.0.0-1": "04t3h000004smn8AAA",
        "DreamhouseLWC@53.0.0-1": "04t3h000004VW48AAG",
        "DreamhouseLWC@53.0.0-3": "04t3h000004VWQgAAO",
        "DreamhouseLWC@53.0.0-5": "04t3h0000043scGAAQ"
    }
}